{"cameraMode":{"drawMode":0,"name":"Shaded","section":"Shading Mode"},"sceneLighting":false,"audioPlay":false,"sceneViewState":{"showFog":true,"showMaterialUpdate":false,"showSkybox":true,"showFlares":true,"showImageEffects":true,"showParticleSystems":true},"in2DMode":false,"pivot":{"x":-2.8331828117370607,"y":0.8824342489242554,"z":2.6670355796813967},"rotation":{"x":-0.03106209821999073,"y":-0.9180482029914856,"z":0.07342569530010224,"w":-0.3883700668811798},"size":0.5312118530273438,"orthographic":false}